,annee,consommation_kWh
0,2010,10163.5
1,2011,10543.833333333334
2,2012,10945.333333333334
3,2013,11244.666666666666
4,2014,11571.0
5,2015,11966.833333333334
6,2016,12278.25
7,2017,12658.666666666666
8,2018,12999.666666666666
9,2019,13391.583333333334
10,2020,13754.333333333334
11,2021,14116.916666666666
12,2022,14545.833333333334
13,2023,14806.416666666666
