{"annee":{"10":2020,"11":2021,"12":2022,"13":2023},"consommation_kWh":{"10":13754.3333333333,"11":14116.9166666667,"12":14545.8333333333,"13":14806.4166666667}}