{"2023-05":14947.0380064213,"2023-06":14796.9439833265,"2023-07":14854.1673746428,"2023-08":14968.9668630387,"2023-09":15099.2014710739,"2023-10":15002.9882928786,"2023-11":15149.2894877706,"2023-12":14963.1930352656}